ticker,headline,source,ts,url,domain
ABB,"Abbott Laboratories CEO warns tariffs are here to stay, points to new US investments",au.finance.yahoo.com,2025-08-27T06:50:42+00:00,https://au.finance.yahoo.com/news/abbott-laboratories-ceo-warns-tariffs-are-here-to-stay-points-to-new-us-investments-165042242.html,au.finance.yahoo.com
AMI,American Eagle shares rise on Travis Kelce collaboration amid engagement buzz,au.finance.yahoo.com,2025-08-27T06:48:07+00:00,https://au.finance.yahoo.com/news/american-eagle-shares-rise-travis-164807178.html,au.finance.yahoo.com
COL,American Eagle shares rise on Travis Kelce collaboration amid engagement buzz,au.finance.yahoo.com,2025-08-27T06:48:07+00:00,https://au.finance.yahoo.com/news/american-eagle-shares-rise-travis-164807178.html,au.finance.yahoo.com
ARR,Cracker Barrel logo debacle isn't CEO Julie Masino's only challenge: Opening Bid top takeaway,au.finance.yahoo.com,2025-08-27T06:42:47+00:00,https://au.finance.yahoo.com/news/cracker-barrel-logo-debacle-isnt-ceo-julie-masinos-only-challenge-opening-bid-top-takeaway-164247101.html,au.finance.yahoo.com
ALC,International coalition calls out three Chinese companies over hacking campaign,au.finance.yahoo.com,2025-08-27T06:41:37+00:00,https://au.news.yahoo.com/international-coalition-calls-three-chinese-164137541.html,au.finance.yahoo.com
TCL,Exclusive: Newmont clarifies strategic focus behind cost initiative,au.finance.yahoo.com,2025-08-27T05:16:08+00:00,https://au.finance.yahoo.com/news/exclusive-newmont-clarifies-strategic-focus-151608401.html,au.finance.yahoo.com
ARR,Cracker Barrel's logo-related 'hubbub' could drive near-term traffic as Wall Street cheers reversal,au.finance.yahoo.com,2025-08-27T05:05:03+00:00,https://au.finance.yahoo.com/news/cracker-barrels-logo-related-hubbub-could-drive-near-term-traffic-as-wall-street-cheers-reversal-150503906.html,au.finance.yahoo.com
ART,Cracker Barrel's logo-related 'hubbub' could drive near-term traffic as Wall Street cheers reversal,au.finance.yahoo.com,2025-08-27T05:05:03+00:00,https://au.finance.yahoo.com/news/cracker-barrels-logo-related-hubbub-could-drive-near-term-traffic-as-wall-street-cheers-reversal-150503906.html,au.finance.yahoo.com
ART,Exclusive: WEX partners with Trulioo to enhance fraud prevention in Europe,au.finance.yahoo.com,2025-08-27T01:32:08+00:00,https://au.finance.yahoo.com/news/exclusive-wex-partners-trulioo-enhance-113208255.html,au.finance.yahoo.com
AMO,Exclusive: Alpha Modus files patent infringement lawsuit against A2Z Cust2Mate,au.finance.yahoo.com,2025-08-27T01:18:07+00:00,https://au.finance.yahoo.com/news/exclusive-alpha-modus-files-patent-111807084.html,au.finance.yahoo.com
AMI,Ten hospitalised by contaminated yoghurt,au.finance.yahoo.com,2025-08-26T20:57:56+00:00,https://au.finance.yahoo.com/news/ten-hospitalised-contaminated-yoghurt-031514756.html,au.finance.yahoo.com
ARD,Why itâ€™s so hard for Gen Z to get ahead,au.finance.yahoo.com,2025-08-26T20:09:41+00:00,https://au.finance.yahoo.com/news/why-hard-gen-z-ahead-060941059.html,au.finance.yahoo.com
AIS,Trump praise sparks 60% rally in this South Korean stationery stock,au.finance.yahoo.com,2025-08-26T18:24:07+00:00,https://au.finance.yahoo.com/news/trump-praise-sparks-60-rally-042407891.html,au.finance.yahoo.com
ABE,'Grave impact' of superannuation move for Australian renters: 'Isn't a benign force',au.finance.yahoo.com,2025-08-26T17:59:30+00:00,https://au.finance.yahoo.com/news/grave-impact-of-superannuation-move-for-australian-renters-isnt-a-benign-force-035930358.html,au.finance.yahoo.com
COL,"Coles shoppers set for major win in direct threat to Woolworths, Aldi after $1.08 billion profit",au.finance.yahoo.com,2025-08-26T12:10:58+00:00,https://au.finance.yahoo.com/news/coles-shoppers-set-for-major-win-in-direct-threat-to-woolworths-aldi-after-108-billion-profit-221058890.html,au.finance.yahoo.com
