ticker,headline,source,ts
ABB,Aussie Broadband stock price target raised to AUD6.00 from AUD4.65 at UBS,eodhd,2025-08-27T07:44:25+00:00
ABB,ABB launches new labor and space saving electrical solutions to enhance data center infrastructure,eodhd,2025-08-26T13:03:00+00:00
ABE,European Dividend Stocks Yielding Up To 7.1%,eodhd,2025-08-27T10:32:36+00:00
AEE,"Tesla Stock 'Could Fall 90% Tomorrow,' Fund Manager Still Won't Buy — Here's Where He's Investing Instead",eodhd,2025-08-27T10:46:09+00:00
AEE,Applications open for Ameren bill payment assistance,eodhd,2025-08-25T12:02:00+00:00
AEE,"Ameren Missouri customers may now qualify for up to $1,400 in bill payment assistance",eodhd,2025-08-25T11:57:00+00:00
AFG,"KNSL Dips 2.1% YTD, Trades at Premium: How to Play the Stock?",eodhd,2025-08-25T17:00:00+00:00
AFL,30 Miles in 30 Days To Honor 30 Years,eodhd,2025-08-27T13:30:00+00:00
AFL,1 Unpopular Stock That Deserves Some Love and 2 That Underwhelm,eodhd,2025-08-26T13:35:10+00:00
AFL,Here's How Much a $1000 Investment in Aflac Made 10 Years Ago Would Be Worth Today,eodhd,2025-08-26T12:30:01+00:00
AFL,Why Berkshire Hathaway is Expanding Its Investments in Japan?,eodhd,2025-08-25T16:20:00+00:00
AFL,The Earnings Party Hits a Wall: Strong Q2 Profits Can't Overcome Macro Fears,eodhd,2025-08-25T09:42:12+00:00
AFL,Who benefits the most from rate cuts?,eodhd,2025-08-24T08:30:02+00:00
AGC,"Flat Glass Industry Company Evaluation Report 2025 | AGC, Saint-Gobain, and Sisecam Lead Through Innovation, Sustainability, and Diversified Portfolios",eodhd,2025-08-25T13:34:00+00:00
ALC,"Alcon Inc.'s (VTX:ALC) latest 8.4% decline adds to one-year losses, institutional investors may consider drastic measures",eodhd,2025-08-26T13:23:41+00:00
ALC,Alcon to Present at 2025 Baird Global Healthcare Conference,eodhd,2025-08-26T12:00:00+00:00
ALK,"Ryanair's summer fares disappoint, not 'confident' of Boeing delivery",eodhd,2025-08-27T16:07:05+00:00
ALK,"Tilray, Okta, Alaska Air, American Airlines: Trending Tickers",eodhd,2025-08-25T19:54:47+00:00
ALK,Why American Airlines (AAL) Shares Are Sliding Today,eodhd,2025-08-25T16:00:50+00:00
ALK,"Raymond James upgrades Alaska Air, cuts American Airlines on valuation concerns",eodhd,2025-08-25T14:56:07+00:00
ALK,"Raymond James upgrades Alaska Air, cuts American Airlines on valuation concerns",eodhd,2025-08-25T14:26:07+00:00
ALK,"Figma initiated, Okta upgraded: Wall Street's top analyst calls",eodhd,2025-08-25T13:36:49+00:00
ALK,Alaska Air gains after Raymond James turns bullish on the second-half outlook,eodhd,2025-08-25T13:02:48+00:00
ALK,"American Airlines, Alaska Air Are in Solid Shape. Why One of the Stocks Caught a Downgrade.",eodhd,2025-08-25T12:33:00+00:00
ALK,Auto &amp; Transport Roundup: Market Talk,eodhd,2025-08-25T11:38:00+00:00
ALK,1 Reason I Can't Stop Thinking About Archer Aviation Stock in 2025,eodhd,2025-08-23T14:43:21+00:00
ARR,Can $750K in savings fund a full retirement?,eodhd,2025-08-24T09:07:00+00:00
BAP,Should Value Investors Buy Credicorp (BAP) Stock?,eodhd,2025-08-25T13:40:02+00:00
BAP,BanColombia S.A. (CIB) Hits Fresh High: Is There Still Room to Run?,eodhd,2025-08-25T13:15:02+00:00
BAP,Canaccord Genuity downgrades Bapcor stock to Hold on valuation concerns,eodhd,2025-08-25T05:00:51+00:00
BDX,"Noteworthy ETF Outflows: TCAF, PTC, BDX, ROP",eodhd,2025-08-27T15:02:01+00:00
BDX,Here's Why Becton Dickinson (BDX) is a Strong Value Stock,eodhd,2025-08-27T13:40:01+00:00
BDX,"Tesla Stock 'Could Fall 90% Tomorrow,' Fund Manager Still Won't Buy — Here's Where He's Investing Instead",eodhd,2025-08-27T10:46:09+00:00
BDX,"[Latest] Global Chemical Reagents Market Size/Share Worth USD 26.5 Billion by 2034 at a 7.5 CAGR: Custom Market Insights (Analysis, Outlook, Leaders, Report, Trends, Forecast, Segmentation, Growth Rate, Value, SWOT Analysis)",eodhd,2025-08-25T16:30:00+00:00
BDX,Cell Cryopreservation Market Size to Expand USD 77.52 Bn by 21.05% CAGR till 2034,eodhd,2025-08-25T14:00:00+00:00
BDX,3 Cash-Producing Stocks with Warning Signs,eodhd,2025-08-25T04:50:06+00:00
BDX,BDX Quantitative Stock Analysis - Peter Lynch,eodhd,2025-08-23T15:35:27+00:00
BDX,"MS Global Franchise Portfolio Exits UnitedHealth Group Inc, Impacting Portfolio by -3.33%",eodhd,2025-08-23T08:00:26+00:00
BXB,"Brambles Full Year 2025 Earnings: EPS Beats Expectations, Revenues Lag",eodhd,2025-08-24T22:53:29+00:00
BXB,Brambles' (ASX:BXB) Shareholders Will Receive A Bigger Dividend Than Last Year,eodhd,2025-08-23T22:49:28+00:00
CDA,UBS downgrades Codan stock rating to Neutral on valuation concerns,eodhd,2025-08-26T15:20:38+00:00
CGC,Canopy (CGC) Goes 15.7% ‘High’ on Cannabis Rescheduling Optimism,eodhd,2025-08-26T16:21:02+00:00
COL,Coles Group stock price target raised to AUD25.00 by UBS on strong sales,eodhd,2025-08-27T07:46:52+00:00
COL,Coles Group (ASX:COL) Has Some Way To Go To Become A Multi-Bagger,eodhd,2025-08-27T02:43:06+00:00
COL,BC-Most Active Stocks,eodhd,2025-08-26T14:30:17+00:00
COL,Australia stocks lower at close of trade; S&amp;P/ASX 200 down 0.41%,eodhd,2025-08-26T06:30:03+00:00
COL,Asia stocks dip as US rate cut cheer eases; tech on edge before Nvidia,eodhd,2025-08-26T02:57:16+00:00
COL,Coles shares rise as strong supermarket sales offset FY profit miss,eodhd,2025-08-26T01:33:08+00:00
COL,Australia’s Coles posts 4% drop in annual profit,eodhd,2025-08-25T23:01:02+00:00
DOW,INVESTOR ALERT: Pomerantz Law Firm Investigates Claims On Behalf of Investors of Dow Inc. – DOW,eodhd,2025-08-25T16:35:00+00:00
WOW,Australia stocks higher at close of trade; S&amp;P/ASX 200 up 0.28%,eodhd,2025-08-27T06:30:04+00:00
WOW,Asia stocks muted as tech dithers ahead of Nvidia earnings,eodhd,2025-08-27T02:50:45+00:00
WOW,Woolworths FY profit falls 19% on weaker Australian Food segment,eodhd,2025-08-27T00:08:23+00:00
WOW,Australian grocer Woolworths posts 19% drop in annual profit,eodhd,2025-08-26T23:00:38+00:00
WOW,"SHAREHOLDER INVESTIGATION: Halper Sadeh LLC Investigates VRNT, DAY, WOW, YMAB on Behalf of Shareholders",eodhd,2025-08-26T20:28:00+00:00
WOW,"BRODSKY &amp; SMITH SHAREHOLDER UPDATE: Notifying Investors of the Following Investigations: Verint Systems Inc. (Nasdaq – VRNT), Dayforce, Inc. (NYSE – DAY), WideOpenWest, Inc. (NYSE – WOW), Y-mAbs Therapeutics, Inc. (Nasdaq – YMAB)",eodhd,2025-08-26T19:56:00+00:00
WOW,"Q2 Earnings Roundup: Comcast (NASDAQ:CMCSA) And The Rest Of The Wireless, Cable and Satellite Segment",eodhd,2025-08-26T03:35:33+00:00
WOW,Asia stocks dip as US rate cut cheer eases; tech on edge before Nvidia,eodhd,2025-08-26T02:57:16+00:00
WOW,Coles shares rise as strong supermarket sales offset FY profit miss,eodhd,2025-08-26T01:33:08+00:00
WOW,"SHAREHOLDER INVESTIGATION: Halper Sadeh LLC Investigates WOW, SHCO, TZUP on Behalf of Shareholders",eodhd,2025-08-23T15:00:00+00:00
